<?xml version="1.0"?>
<isv_global>
  <middleware version="RAPID 6.2.0-S7-ER260624">
    <middlewareip>127.0.0.1</middlewareip>
    <middlewarelink>http://127.0.0.1:8080/isvclientv2</middlewarelink>
    <threadcount>50</threadcount>
    <dbpoolsize>40</dbpoolsize>
    <sessiontimeout>15</sessiontimeout>
    <!--Time in minutes-->
    <asyncresponsetimeout>3</asyncresponsetimeout>
    <!--Time in minutes-->
    <socketreadtimeout>1</socketreadtimeout>
    <!--Time in minutes-->
    <ipblocktimeout>5</ipblocktimeout>
    <systeminfoscriptpath>/opt/rapid4/tools/check_rapid_server_stdout.pl</systeminfoscriptpath>
    <dcmtkbinpath>/opt/rapid4/dcmtk</dcmtkbinpath>
    <passwordvalidationrule>^(?=.*[0-9])(?=.*[a-z])(?=.*[A-Z])(?=.*[!@#$%^&amp;+\\-_=])(?=\S+$).{8,}</passwordvalidationrule>
    <passwordvalidationmessage>The password must contain at least one upper case, at least 1 lower case character, at least 1 digit, at least 1 special character and must be at least 8 elements long</passwordvalidationmessage>
    <enablepasswordexpire>false</enablepasswordexpire>
    <passwordexpirationwindow>90</passwordexpirationwindow>
    <!--Time in days-->
    <displaytimeformat>yyyy/MM/dd HH:mm</displaytimeformat>
    <ldap name="server-1">
      <searchstring>(&amp;(objectCategory=user)(sAMAccountName=%s))</searchstring>
      <defaultsite/>
      <enableldapsitegroup>0</enableldapsitegroup>
      <enableldap>false</enableldap>
      <initialcontextfactory>com.sun.jndi.ldap.LdapCtxFactory</initialcontextfactory>
      <ldapaddress>ldap://winisv.isv.com:389</ldapaddress>
      <dcusername>testbinduser</dcusername>
      <dcpassword>Rapid@2015</dcpassword>
      <userbase>DC=ISV,DC=COM</userbase>
      <useroubase/>
      <rapidoubase/>
      <searchtimeout>5</searchtimeout>
      <!--Time in seconds-->
      <rapidldapgroup>testgroup2</rapidldapgroup>
    </ldap>
    <enablesingleuserlogin>0</enablesingleuserlogin>
    <maxnumberusers>1500</maxnumberusers>
    <maxnumbersites>100</maxnumbersites>
    <maxnumbersdicomnodes>200</maxnumbersdicomnodes>
    <ratelimitperhour>100000</ratelimitperhour>
    <scpapiurl>http://scp-handler.rapid-apps.svc.cluster.local:8888/api/v1/scp-configuration</scpapiurl>
  </middleware>
  <jobmanager version="RAPID 6.2.0-S7-ER260624">
    <serverid>ISV RAPID</serverid>
    <datadir>/rapid_data</datadir>
    <threadcount>50</threadcount>
    <dbpoolsize>20</dbpoolsize>
    <smtpserverip>email-smtp.us-west-2.amazonaws.com</smtpserverip>
    <smtpport>587</smtpport>
    <smtpusername>AKIAZWWTQMHQHIKDQWEB</smtpusername>
    <smtppassword>BEyYiYvfoEmFTPhWeEjkwYfbp0aRRW/OTc+B79zffWcp</smtppassword>
    <serverip>127.0.0.1</serverip>
    <serverport>1234</serverport>
    <dbusername>perfuser</dbusername>
    <dbname>rapid</dbname>
    <dbpassword>perfpassword</dbpassword>
    <taskresumptionwindow>1</taskresumptionwindow>
    <!--Time in days-->
    <taskresumptioninteval>5</taskresumptioninteval>
    <!--Time in minutes-->
    <diskspaceinterval>30</diskspaceinterval>
    <!--Time in minutes-->
    <lowdiskmark>10000</lowdiskmark>
    <!--Size in MB-->
    <highdiskmark>25000</highdiskmark>
    <!--Size in MB-->
    <deletedatelowmark>31</deletedatelowmark>
    <!--Time in days-->
    <deletedatehighmark>62</deletedatehighmark>
    <!--Time in days-->
    <dbbackupretrycount>10</dbbackupretrycount>
    <jobmanagerinterruptimeout>15</jobmanagerinterruptimeout>
    <!--Time in seconds-->
    <numberofdbbackup>14</numberofdbbackup>
    <dbbackuplocation>/rapid_data/rapidDB/</dbbackuplocation>
    <dicomsendconnectiontimeout>30</dicomsendconnectiontimeout>
    <!--Time in seconds-->
    <dicomsendacsetimeout>30</dicomsendacsetimeout>
    <!--Time in seconds-->
    <dicomsenddimsetimeout>30</dicomsenddimsetimeout>
    <!--Time in seconds-->
    <dicomsendprocessingtimeout>30</dicomsendprocessingtimeout>
    <!--Time in minutes-->
    <cloudprocessingtasklimit>1</cloudprocessingtasklimit>
    <premprocessingtasklimit>1</premprocessingtasklimit>
    <othertasklimit>10</othertasklimit>
    <ctpinclusion>ctp|perf|shuttle|vpct</ctpinclusion>
    <ctpexclusion>ncct|cta|angio|bone|cor|sag|ctpa</ctpexclusion>
    <nonconctinclusion>ncct|non</nonconctinclusion>
    <nonconctexclusion>cta|angio|ctp|perf|bone|cor|sag</nonconctexclusion>
    <hypodensityinclusion>ncct|non</hypodensityinclusion>
    <hypodensityexclusion>cta|angio|ctp|perf|bone|cor|sag</hypodensityexclusion>
    <hypodensityresultemail></hypodensityresultemail>
    <hyperdensityinclusion>ncct|non</hyperdensityinclusion>
    <hyperdensityexclusion>cta|angio|ctp|perf|bone|cor|sag</hyperdensityexclusion>
    <hyperdensityresultemail></hyperdensityresultemail>
    <rvlvinclusion>PE|CTPA</rvlvinclusion>
    <rvlvexclusion>Perfusion|NCCT|Bone|COR|SAG|Head|Neck|Brain|Carotid|Lung|Cardiac|Coronary|perf</rvlvexclusion>
    <rvlvresultemail></rvlvresultemail>
    <heminclusion>head|ax|brain</heminclusion>
    <hemexclusion>perf</hemexclusion>
    <hvsinclusion>HVS|head|ax|brain</hvsinclusion>
    <hvsexclusion>perf</hvsexclusion>
    <anrtninclusion>cta|angio</anrtninclusion>
    <anrtnexclusion>ncct|ctp|perf|bone|cor|sag</anrtnexclusion>
    <nonconctpriority>normal</nonconctpriority>
    <hypodensitypriority>normal</hypodensitypriority>
    <hyperdensitypriority>normal</hyperdensitypriority>
    <rvlvpriority>normal</rvlvpriority>
    <hempriority>high</hempriority>
    <hvspriority>normal</hvspriority>
    <ncctstrokepriority>normal</ncctstrokepriority>
    <anrtnpriority>normal</anrtnpriority>
    <minimagesinnonconct>25</minimagesinnonconct>
    <maximagesinnonconct>400</maximagesinnonconct>
    <minimagesinhypodensity>25</minimagesinhypodensity>
    <maximagesinhypodensity>400</maximagesinhypodensity>
    <minimagesinhyperdensity>25</minimagesinhyperdensity>
    <maximagesinhyperdensity>400</maximagesinhyperdensity>
    <minimagesinrvlv>100</minimagesinrvlv>
    <maximagesinrvlv>2200</maximagesinrvlv>
    <minimagesinhem>3</minimagesinhem>
    <maximagesinhem>400</maximagesinhem>
    <minimagesinhvs>3</minimagesinhvs>
    <maximagesinhvs>400</maximagesinhvs>
    <minimagesinncctstroke>25</minimagesinncctstroke>
    <maximagesinncctstroke>400</maximagesinncctstroke>
    <mrmismatchtype>1</mrmismatchtype>
    <minimagesinanrtn>80</minimagesinanrtn>
    <maximagesinanrtn>2000</maximagesinanrtn>
    <!--0 is Strict mode, 1 is Optional mode, 2 is Separate mode-->
    <minimagesinctp>120</minimagesinctp>
    <minslabsinctp>1</minslabsinctp>
    <minrequiredscanlengthsecsct>34.0</minrequiredscanlengthsecsct>
    <minrequiredscanlengthsecsmr>55.0</minrequiredscanlengthsecsmr>
    <maxslabthicknessformultislabinctp>40.1</maxslabthicknessformultislabinctp>
    <minimagesinmrpwi>480</minimagesinmrpwi>
    <minimagesinmrdwi>20</minimagesinmrdwi>
    <minimagesinmrt2w>20</minimagesinmrt2w>
    <numberofminframesingroup>5</numberofminframesingroup>
    <mrmismatchseriestimedelta>150</mrmismatchseriestimedelta>
    <!--Time in minutes-->
    <ctmismatchseriestimedelta>30</ctmismatchseriestimedelta>
    <!--Time in minutes-->
    <mrpwiinclusion>pwi|perf</mrpwiinclusion>
    <mrpwiexclusion></mrpwiexclusion>
    <mrdwiinclusion>dwi|diff</mrdwiinclusion>
    <mrdwiexclusion></mrdwiexclusion>
    <mrt2winclusion>diff|dwi|b0</mrt2winclusion>
    <mrt2wexclusion>b1000|adc$</mrt2wexclusion>
    <mismatchpriority>normal</mismatchpriority>
    <minimagesinangio>80</minimagesinangio>
    <maximagesinangio>2000</maximagesinangio>
    <angioinclusion>cta|angio</angioinclusion>
    <angioexclusion>ncct|ctp|perf|bone|cor|sag</angioexclusion>
    <angiopriority>normal</angiopriority>
    <minimagesinneuro3d>80</minimagesinneuro3d>
    <maximagesinneuro3d>2000</maximagesinneuro3d>
    <neuro3dinclusion>cta|angio</neuro3dinclusion>
    <neuro3dexclusion>ncct|ctp|perf|bone|cor|sag</neuro3dexclusion>
    <neuro3dpriority>normal</neuro3dpriority>
    <ncctstrokeinclusion>ncct|non</ncctstrokeinclusion>
    <ncctstrokeexclusion>cta|angio|ctp|perf|bone|cor|sag</ncctstrokeexclusion>
    <minimagesinpetn>100</minimagesinpetn>
    <maximagesinpetn>2200</maximagesinpetn>
    <petninclusion>PE|CTPA</petninclusion>
    <petnexclusion>Perfusion|NCCT|Bone|COR|SAG|Head|Neck|Brain|Carotid|Lung|Cardiac|Coronary|perf</petnexclusion>
    <petnpriority>normal</petnpriority>
    <petnorientation>RAS</petnorientation>
    <petnmoduletype>petn</petnmoduletype>
    <emailprogrampath>/opt/rapid4/local/Rapid4_emailscript_unsecure_smtp.pl</emailprogrampath>
    <sendphiinemail>0</sendphiinemail>
    <showaccessionnumberinemail>1</showaccessionnumberinemail>
    <showpatientnameinemail>1</showpatientnameinemail>
    <showpatientidinemail>1</showpatientidinemail>
    <showpatientdobinemail>1</showpatientdobinemail>
    <showphiinemailsubject>1</showphiinemailsubject>
    <sendanonymizedinfoinemail>0</sendanonymizedinfoinemail>
    <rapidreceiveemailaddress>sahu@ischemaview.com</rapidreceiveemailaddress>
    <isresearchsite>0</isresearchsite>
    <smtpuseextendedparams>1</smtpuseextendedparams>
    <notifierpath>/opt/rapid4/bin</notifierpath>
    <reporttoolpath>/opt/rapid4/report</reporttoolpath>
    <scptos>30</scptos>
    <enablehardlink>0</enablehardlink>
    <enablecatchall>0</enablecatchall>
    <city>not defined</city>
    <country>not defined</country>
    <enabledatacoll>1</enabledatacoll>
    <collectscriptpath>/opt/rapid4/tools/collect_regular_processing_info.pl</collectscriptpath>
    <collectinterval>720</collectinterval>
    <syncscriptpath>/opt/rapid4/tools/sync_processing_info.pl</syncscriptpath>
    <syncinterval>240</syncinterval>
    <qacollectscriptpath/>
    <qacollectinterval>15</qacollectinterval>
    <enablelivebeacon>1</enablelivebeacon>
    <livebeaconscriptpath>/opt/rapid4/tools/alive_beacon_script.pl</livebeaconscriptpath>
    <licensescriptpath>/opt/rapid4/tools/Rapid4_check_licences_and_email_expired.pl</licensescriptpath>
    <livebeaconinterval>30</livebeaconinterval>
    <enabledicomlog>0</enabledicomlog>
    <defaultscs/>
    <textscriptpath/>
    <enablecloudupload>0</enablecloudupload>
    <clouduploaderpath/>
    <enableruleengine>0</enableruleengine>
    <stationname>RAPID</stationname>
    <ManySeriesCTPMismatchMergeStationNameRegexpFilter/>
    <ManySeriesCTPMismatchMergeManufacturerModelNameRegexpFilter>^Aquilion$|Artis</ManySeriesCTPMismatchMergeManufacturerModelNameRegexpFilter>
    <ManySeriesCTPMismatchMergeProtocolNameFilter/>
    <GroupOnlyIdenticalSeriesDateTime>1</GroupOnlyIdenticalSeriesDateTime>
    <MergeListsForIdenticalSeriesDateTimeOnly>0</MergeListsForIdenticalSeriesDateTimeOnly>
    <ModuleProcessingTimeoutMilliseconds>1800000</ModuleProcessingTimeoutMilliseconds>
    <ChildProcessStartTimeoutMilliseconds>60000</ChildProcessStartTimeoutMilliseconds>
    <ChildProcessCompletionTimeoutMilliseconds>600000</ChildProcessCompletionTimeoutMilliseconds>
    <anrtnchildprocessstarttimeoutms>1800000</anrtnchildprocessstarttimeoutms>
    <anrtnchildprocesscompletiontimeoutms>1800000</anrtnchildprocesscompletiontimeoutms>
    <RitkCliPathFormat>sh -c "$RAPID4_PATH/bin/ritk_cli -i '%1' -f '%2' -m '%3'"</RitkCliPathFormat>
    <CloudUploaderSidecarPathFormat>sh -c "~/rapid-server-cloud-uploader-sidecar/entrypoint.sh '%1' '%2' '%3'"</CloudUploaderSidecarPathFormat>
    <EnableEarlySourceUpload>false</EnableEarlySourceUpload>
    <HookScript></HookScript>
    <hypodensitystandalone>1</hypodensitystandalone>
    <hypodensitywithctp>1</hypodensitywithctp>
    <enablehyperdensity>1</enablehyperdensity>
    <enablervlv>1</enablervlv>
    <!-- <enablehvs>1</enablehvs> -->
    <enablepetn>1</enablepetn>
    <enableich>1</enableich>
    <enableaspects>1</enableaspects>
    <enableanrtn>1</enableanrtn>
    <enableneuro3d>1</enableneuro3d>
    <enablecta>1</enablecta>
    <enablemismatch>1</enablemismatch>
    <NCCTtoCTPminuteswindow>60</NCCTtoCTPminuteswindow>
    <enableNcctArtifactDetection>1</enableNcctArtifactDetection>
    <charmenrolled>0</charmenrolled>
    <alivebeaconurlconfigured>0</alivebeaconurlconfigured>
    <alivebeaconurl>https://swift1.ischemaviewtrials.com/alive_beacon.php</alivebeaconurl>
    <businessdataurlconfigured>0</businessdataurlconfigured>
    <businessdataurl>https://swift1.ischemaviewtrials.com/processing_info.php</businessdataurl>
    <charmparticipatingphysicianemaillist></charmparticipatingphysicianemaillist>
    <deidforinsights>0</deidforinsights>
    <serveruuid>8bc507cf-c671-4a0b-afaa-a830a0a6f336</serveruuid>
    <dbsecretsalt>RAPIDAIDBSaltValueForRapidServer</dbsecretsalt>
    <enablencctstroke>1</enablencctstroke>
    <sitedeiddepth>full</sitedeiddepth>
    <ctainclusion></ctainclusion>
    <othermoduletasklimit>1</othermoduletasklimit>
    <maximagesincta></maximagesincta>
    <deidforpifile>standard</deidforpifile>
    <minimagesinsdh>3</minimagesinsdh>
    <maximagesinmra></maximagesinmra>
    <sppriority>normal</sppriority>
    <cloudonlymoduletasklimit>1</cloudonlymoduletasklimit>
    <minimagesincta></minimagesincta>
    <ctaexclusion></ctaexclusion>
    <priorenabled>0</priorenabled>
    <sdhpriority>normal</sdhpriority>
    <minimagesinmra></minimagesinmra>
    <inclusion3dra></inclusion3dra>
    <mrainclusion></mrainclusion>
    <exclusion3dra></exclusion3dra>
    <sdhinclusion>ncct|non</sdhinclusion>
    <minimagesin3dra></minimagesin3dra>
    <maximagesinsdh>400</maximagesinsdh>
    <sdhexclusion>cta|angio|ctp|perf|bone|cor|sag</sdhexclusion>
    <enablesdh>1</enablesdh>
    <maximagesin3dra></maximagesin3dra>
    <enablesurgicalpreview>0</enablesurgicalpreview>
  </jobmanager>
</isv_global>
